{
    "manifest_version": "0.13.1",
    "name": "DUMMY VOICEVOX ENGINE",
    "uuid": "c7b58856-bd56-4aa1-afb7-b8415f824b06",
    "version": "999.999.999",
    "url": "https://github.com/VOICEVOX/voicevox_engine",
    "command": "run",
    "port": 50021,
    "icon": "engine_manifest_assets/icon.png",
    "default_sampling_rate": 24000,
    "terms_of_service": "engine_manifest_assets/terms_of_service.md",
    "update_infos": "engine_manifest_assets/update_infos.json",
    "dependency_licenses": "engine_manifest_assets/dependency_licenses.json",
    "downloadable_libraries_path": null,
    "downloadable_libraries_url": null
}
